t_s,buoc,goi,vout_V,iout_mA
0.40,--- luot 14: nghi,DD808083802020202070040000,4.200,52
0.60,--- luot 14: nghi,DD808083802020202070040000,4.200,52
0.80,--- luot 14: nghi,DD808083802020202070040000,4.200,52
1.01,--- luot 14: nghi,DD808083802020202070040000,4.200,52
1.21,--- luot 14: nghi,DD808083802020202070040000,4.200,52
1.41,ga C3 (khoi dong),DD8080C3802020202070040000,4.200,52
1.61,ga C3 (khoi dong),DD8080C3802020202070040000,4.200,541
1.81,ga C3 (khoi dong),DD8080C3802020202070040000,4.200,691
2.01,ga C3 (khoi dong),DD8080C3802020202070040000,4.200,1003
2.21,ga C3 (khoi dong),DD8080C3802020202070040000,4.200,1136
2.41,ga C3 (khoi dong),DD8080C3802020202070040000,4.200,1128
2.62,ga C3 (khoi dong),DD8080C3802020202070040000,4.200,1122
2.82,ga C3 (khoi dong),DD8080C3802020202070040000,4.200,1120
3.02,nut giua B11.4,DD808083802020202070041000,4.200,1120
3.22,nut giua B11.4,DD808083802020202070041000,4.200,1020
3.42,nut giua B11.4,DD808083802020202070041000,4.200,500
3.62,nut giua B11.4,DD808083802020202070041000,4.200,375
3.83,nut giua B11.4,DD808083802020202070041000,4.200,46
4.03,nut giua B11.4,DD808083802020202070041000,4.200,0
4.23,nut giua B11.4,DD808083802020202070041000,4.200,0
4.43,nut giua B11.4,DD808083802020202070041000,4.200,0
4.63,nut giua B11.4,DD808083802020202070041000,4.200,0
4.83,nut giua B11.4,DD808083802020202070041000,4.200,0
5.04,giua,DD808083802020202070040000,4.200,0
5.24,giua,DD808083802020202070040000,4.200,0
5.44,giua,DD808083802020202070040000,4.200,0
5.64,giua,DD808083802020202070040000,4.200,0
5.84,giua,DD808083802020202070040000,4.200,0
6.05,ga 00 (dung),DD808000802020202070040000,4.200,0
6.25,ga 00 (dung),DD808000802020202070040000,4.200,0
6.45,ga 00 (dung),DD808000802020202070040000,4.200,0
6.65,ga 00 (dung),DD808000802020202070040000,4.200,0
6.85,ga 00 (dung),DD808000802020202070040000,4.200,0
7.05,ga 00 (dung),DD808000802020202070040000,4.200,0
7.25,ga 00 (dung),DD808000802020202070040000,4.200,0
7.45,ga 00 (dung),DD808000802020202070040000,4.200,0
7.66,nghi 10 s,DD808083802020202070040000,4.200,0
7.86,nghi 10 s,DD808083802020202070040000,4.200,0
8.06,nghi 10 s,DD808083802020202070040000,4.200,0
8.26,nghi 10 s,DD808083802020202070040000,4.200,0
8.46,nghi 10 s,DD808083802020202070040000,4.200,0
8.66,nghi 10 s,DD808083802020202070040000,4.200,0
8.86,nghi 10 s,DD808083802020202070040000,4.200,0
9.06,nghi 10 s,DD808083802020202070040000,4.200,0
9.26,nghi 10 s,DD808083802020202070040000,4.200,0
9.46,nghi 10 s,DD808083802020202070040000,4.200,0
9.66,nghi 10 s,DD808083802020202070040000,4.200,0
9.87,nghi 10 s,DD808083802020202070040000,4.200,0
10.07,nghi 10 s,DD808083802020202070040000,4.200,0
10.27,nghi 10 s,DD808083802020202070040000,4.200,0
10.47,nghi 10 s,DD808083802020202070040000,4.200,0
10.67,nghi 10 s,DD808083802020202070040000,4.200,0
10.87,nghi 10 s,DD808083802020202070040000,4.200,0
11.08,nghi 10 s,DD808083802020202070040000,4.200,0
11.28,nghi 10 s,DD808083802020202070040000,4.200,0
11.48,nghi 10 s,DD808083802020202070040000,4.200,0
11.68,nghi 10 s,DD808083802020202070040000,4.200,0
11.88,nghi 10 s,DD808083802020202070040000,4.200,0
12.08,nghi 10 s,DD808083802020202070040000,4.200,0
12.29,nghi 10 s,DD808083802020202070040000,4.200,0
12.49,nghi 10 s,DD808083802020202070040000,4.200,0
12.69,nghi 10 s,DD808083802020202070040000,4.200,0
12.89,nghi 10 s,DD808083802020202070040000,4.200,0
13.09,nghi 10 s,DD808083802020202070040000,4.200,0
13.29,nghi 10 s,DD808083802020202070040000,4.200,0
13.50,nghi 10 s,DD808083802020202070040000,4.200,0
13.70,nghi 10 s,DD808083802020202070040000,4.200,0
13.90,nghi 10 s,DD808083802020202070040000,4.200,0
14.10,nghi 10 s,DD808083802020202070040000,4.200,0
14.30,nghi 10 s,DD808083802020202070040000,4.200,0
14.50,nghi 10 s,DD808083802020202070040000,4.200,0
14.71,nghi 10 s,DD808083802020202070040000,4.200,0
14.91,nghi 10 s,DD808083802020202070040000,4.200,0
15.11,nghi 10 s,DD808083802020202070040000,4.200,0
15.31,nghi 10 s,DD808083802020202070040000,4.200,0
15.51,nghi 10 s,DD808083802020202070040000,4.200,0
15.72,nghi 10 s,DD808083802020202070040000,4.200,0
15.92,nghi 10 s,DD808083802020202070040000,4.200,0
16.12,nghi 10 s,DD808083802020202070040000,4.200,0
16.32,nghi 10 s,DD808083802020202070040000,4.200,0
16.52,nghi 10 s,DD808083802020202070040000,4.200,0
16.72,nghi 10 s,DD808083802020202070040000,4.200,0
16.93,nghi 10 s,DD808083802020202070040000,4.200,0
17.13,nghi 10 s,DD808083802020202070040000,4.200,0
17.33,nghi 10 s,DD808083802020202070040000,4.200,0
17.53,nghi 10 s,DD808083802020202070040000,4.200,0
